{
    "29": [
        {
            "test/masked_mse": 0.025158114731311798
        }
    ],
    "5": [
        {
            "test/masked_mse": 0.024285444989800453
        }
    ],
    "15": [
        {
            "test/masked_mse": 0.019899141043424606
        }
    ],
    "11": [
        {
            "test/masked_mse": 0.03186998888850212
        }
    ],
    "28": [
        {
            "test/masked_mse": 0.012609884142875671
        }
    ],
    "6": [
        {
            "test/masked_mse": 0.007678466849029064
        }
    ],
    "42": [
        {
            "test/masked_mse": 0.027063479647040367
        }
    ],
    "13": [
        {
            "test/masked_mse": 0.014402709901332855
        }
    ],
    "38": [
        {
            "test/masked_mse": 0.0197762344032526
        }
    ],
    "10": [
        {
            "test/masked_mse": 0.022471603006124496
        }
    ],
    "35": [
        {
            "test/masked_mse": 0.039553213864564896
        }
    ],
    "23": [
        {
            "test/masked_mse": 0.06740943342447281
        }
    ],
    "19": [
        {
            "test/masked_mse": 0.011688522063195705
        }
    ],
    "1": [
        {
            "test/masked_mse": 0.013890307396650314
        }
    ],
    "41": [
        {
            "test/masked_mse": 0.0281992070376873
        }
    ],
    "39": [
        {
            "test/masked_mse": 0.003472032258287072
        }
    ],
    "2": [
        {
            "test/masked_mse": 0.009459435008466244
        }
    ],
    "9": [
        {
            "test/masked_mse": 0.00430986937135458
        }
    ],
    "25": [
        {
            "test/masked_mse": 0.031127862632274628
        }
    ],
    "32": [
        {
            "test/masked_mse": 0.05449393019080162
        }
    ],
    "21": [
        {
            "test/masked_mse": 0.02205311693251133
        }
    ],
    "20": [
        {
            "test/masked_mse": 0.03449910134077072
        }
    ],
    "0": [
        {
            "test/masked_mse": 0.03471814841032028
        }
    ],
    "4": [
        {
            "test/masked_mse": 0.014553476125001907
        }
    ],
    "44": [
        {
            "test/masked_mse": 0.054571401327848434
        }
    ],
    "22": [
        {
            "test/masked_mse": 0.01661238819360733
        }
    ],
    "14": [
        {
            "test/masked_mse": 0.03089350275695324
        }
    ],
    "18": [
        {
            "test/masked_mse": 0.009993741288781166
        }
    ],
    "33": [
        {
            "test/masked_mse": 0.011212521232664585
        }
    ],
    "34": [
        {
            "test/masked_mse": 0.017376629635691643
        }
    ],
    "24": [
        {
            "test/masked_mse": 0.019994636997580528
        }
    ],
    "45": [
        {
            "test/masked_mse": 0.015491177327930927
        }
    ],
    "31": [
        {
            "test/masked_mse": 0.01762097328901291
        }
    ],
    "37": [
        {
            "test/masked_mse": 0.007982976734638214
        }
    ],
    "12": [
        {
            "test/masked_mse": 0.0209321491420269
        }
    ],
    "17": [
        {
            "test/masked_mse": 0.04669412970542908
        }
    ],
    "40": [
        {
            "test/masked_mse": 0.008408267982304096
        }
    ],
    "30": [
        {
            "test/masked_mse": 0.020531293004751205
        }
    ],
    "8": [
        {
            "test/masked_mse": 0.012136162258684635
        }
    ],
    "36": [
        {
            "test/masked_mse": 0.023831581696867943
        }
    ],
    "7": [
        {
            "test/masked_mse": 0.035494718700647354
        }
    ],
    "3": [
        {
            "test/masked_mse": 0.04881938546895981
        }
    ],
    "26": [
        {
            "test/masked_mse": 0.045707132667303085
        }
    ],
    "43": [
        {
            "test/masked_mse": 0.04037391021847725
        }
    ],
    "27": [
        {
            "test/masked_mse": 0.007250197697430849
        }
    ],
    "16": [
        {
            "test/masked_mse": 0.003112710313871503
        }
    ]
}