{
    "46": null,
    "70": [
        {
            "test/masked_mse": 0.09672348201274872
        }
    ],
    "48": [
        {
            "test/masked_mse": 0.01625070907175541
        }
    ],
    "43": [
        {
            "test/masked_mse": 0.08843187242746353
        }
    ],
    "9": [
        {
            "test/masked_mse": 0.12112344801425934
        }
    ],
    "26": [
        {
            "test/masked_mse": 0.048904869705438614
        }
    ],
    "10": [
        {
            "test/masked_mse": 0.08755233883857727
        }
    ],
    "31": [
        {
            "test/masked_mse": 0.05474923551082611
        }
    ],
    "38": [
        {
            "test/masked_mse": 0.06159233674407005
        }
    ],
    "25": [
        {
            "test/masked_mse": 0.07430464774370193
        }
    ],
    "8": [
        {
            "test/masked_mse": 0.06424876302480698
        }
    ],
    "41": [
        {
            "test/masked_mse": 0.09323713183403015
        }
    ],
    "15": [
        {
            "test/masked_mse": 0.09982813149690628
        }
    ],
    "12": [
        {
            "test/masked_mse": 0.10282175987958908
        }
    ],
    "3": [
        {
            "test/masked_mse": 0.04752166569232941
        }
    ],
    "23": [
        {
            "test/masked_mse": 0.022558042779564857
        }
    ],
    "45": [
        {
            "test/masked_mse": 0.016070755198597908
        }
    ],
    "6": [
        {
            "test/masked_mse": 0.07837321609258652
        }
    ],
    "11": [
        {
            "test/masked_mse": 0.07366424053907394
        }
    ],
    "28": [
        {
            "test/masked_mse": 0.06535680592060089
        }
    ],
    "5": [
        {
            "test/masked_mse": 0.10557696223258972
        }
    ],
    "42": [
        {
            "test/masked_mse": 0.0915616899728775
        }
    ],
    "18": [
        {
            "test/masked_mse": 0.1552029401063919
        }
    ],
    "7": [
        {
            "test/masked_mse": 0.03662211820483208
        }
    ],
    "54": [
        {
            "test/masked_mse": 0.027998095378279686
        }
    ],
    "58": [
        {
            "test/masked_mse": 0.03612430393695831
        }
    ],
    "17": [
        {
            "test/masked_mse": 0.049618396908044815
        }
    ],
    "21": [
        {
            "test/masked_mse": 0.06320616602897644
        }
    ],
    "62": [
        {
            "test/masked_mse": 0.061003461480140686
        }
    ],
    "19": [
        {
            "test/masked_mse": 0.04516158625483513
        }
    ],
    "47": [
        {
            "test/masked_mse": 0.011021231301128864
        }
    ],
    "34": [
        {
            "test/masked_mse": 0.08196012675762177
        }
    ],
    "27": [
        {
            "test/masked_mse": 0.1138034537434578
        }
    ],
    "33": [
        {
            "test/masked_mse": 0.05830398201942444
        }
    ],
    "40": [
        {
            "test/masked_mse": 0.06788592040538788
        }
    ],
    "2": [
        {
            "test/masked_mse": 0.052954092621803284
        }
    ],
    "16": [
        {
            "test/masked_mse": 0.02557092346251011
        }
    ],
    "50": [
        {
            "test/masked_mse": 0.034648239612579346
        }
    ],
    "4": [
        {
            "test/masked_mse": 0.06807973235845566
        }
    ],
    "35": [
        {
            "test/masked_mse": 0.0683126226067543
        }
    ],
    "24": [
        {
            "test/masked_mse": 0.09246443212032318
        }
    ],
    "32": [
        {
            "test/masked_mse": 0.029839709401130676
        }
    ],
    "67": [
        {
            "test/masked_mse": 0.04398399218916893
        }
    ],
    "74": [
        {
            "test/masked_mse": 0.06763375550508499
        }
    ],
    "68": [
        {
            "test/masked_mse": 0.032171111553907394
        }
    ],
    "36": [
        {
            "test/masked_mse": 0.07424544543027878
        }
    ],
    "59": [
        {
            "test/masked_mse": 0.041643209755420685
        }
    ],
    "73": [
        {
            "test/masked_mse": 0.07412061095237732
        }
    ],
    "1": [
        {
            "test/masked_mse": 0.08672846853733063
        }
    ],
    "22": [
        {
            "test/masked_mse": 0.06305202841758728
        }
    ],
    "30": [
        {
            "test/masked_mse": 0.06424681097269058
        }
    ],
    "63": [
        {
            "test/masked_mse": 0.06022690236568451
        }
    ],
    "57": [
        {
            "test/masked_mse": 0.0713997483253479
        }
    ],
    "78": [
        {
            "test/masked_mse": 0.038431812077760696
        }
    ],
    "14": [
        {
            "test/masked_mse": 0.05358539894223213
        }
    ],
    "69": [
        {
            "test/masked_mse": 0.018687253817915916
        }
    ],
    "60": [
        {
            "test/masked_mse": 0.015560577623546124
        }
    ],
    "37": [
        {
            "test/masked_mse": 0.03714438155293465
        }
    ],
    "20": [
        {
            "test/masked_mse": 0.025763994082808495
        }
    ],
    "76": [
        {
            "test/masked_mse": 0.0238678939640522
        }
    ],
    "79": [
        {
            "test/masked_mse": 0.04967425391077995
        }
    ],
    "81": [
        {
            "test/masked_mse": 0.065450519323349
        }
    ],
    "64": [
        {
            "test/masked_mse": 0.027698911726474762
        }
    ],
    "39": [
        {
            "test/masked_mse": 0.05240335315465927
        }
    ],
    "13": [
        {
            "test/masked_mse": 0.059167444705963135
        }
    ],
    "75": [
        {
            "test/masked_mse": 0.019535232335329056
        }
    ],
    "80": [
        {
            "test/masked_mse": 0.015073170885443687
        }
    ],
    "0": [
        {
            "test/masked_mse": 0.03394231200218201
        }
    ],
    "44": [
        {
            "test/masked_mse": 0.040440455079078674
        }
    ],
    "51": [
        {
            "test/masked_mse": 0.015564334578812122
        }
    ],
    "66": [
        {
            "test/masked_mse": 0.07808372378349304
        }
    ],
    "49": [
        {
            "test/masked_mse": 0.04329686984419823
        }
    ],
    "53": [
        {
            "test/masked_mse": 0.04902223125100136
        }
    ],
    "72": [
        {
            "test/masked_mse": 0.06423670053482056
        }
    ],
    "77": [
        {
            "test/masked_mse": 0.004234394058585167
        }
    ],
    "29": [
        {
            "test/masked_mse": 0.02188013680279255
        }
    ],
    "71": [
        {
            "test/masked_mse": 0.034260012209415436
        }
    ],
    "55": [
        {
            "test/masked_mse": 0.05341923236846924
        }
    ],
    "56": [
        {
            "test/masked_mse": 0.03347230330109596
        }
    ],
    "65": [
        {
            "test/masked_mse": 0.036193978041410446
        }
    ],
    "52": [
        {
            "test/masked_mse": 0.07530061155557632
        }
    ],
    "61": [
        {
            "test/masked_mse": 0.015305806882679462
        }
    ]
}