{
    "Hi-Clustered-MT-Chemprop-KD": {
        "MSE": {
            "mean": 1.2342970981671395,
            "std": 0.9947857308724547
        },
        "MAE": {
            "mean": 0.8294916522854622,
            "std": 0.3844977297089664
        },
        "R2": {
            "mean": -0.1864528861139608,
            "std": 0.3773695832386582
        }
    },
    "Hi-Clustered-MT-Chemprop": {
        "MSE": {
            "mean": 1.3413604322389625,
            "std": 1.1421505158660212
        },
        "MAE": {
            "mean": 0.8539664913407764,
            "std": 0.39629804839195415
        },
        "R2": {
            "mean": -0.31926294857793447,
            "std": 0.596542504984907
        }
    },
    "Hi-MT-Chemprop-KD": {
        "MSE": {
            "mean": 1.268359723769205,
            "std": 1.038095492318607
        },
        "MAE": {
            "mean": 0.8386079079659386,
            "std": 0.39781922711803414
        },
        "R2": {
            "mean": -0.2020398519534806,
            "std": 0.37151336043382666
        }
    },
    "Hi-MT-Chemprop": {
        "MSE": {
            "mean": 1.4134138211912515,
            "std": 1.3699489207991997
        },
        "MAE": {
            "mean": 0.8640493046122154,
            "std": 0.4213781026669615
        },
        "R2": {
            "mean": -0.3951296309866243,
            "std": 0.7272974490875161
        }
    },
    "Hi-ST-Chemprop": {
        "MSE": {
            "mean": 1.2791765067556304,
            "std": 1.0499926797323593
        },
        "MAE": {
            "mean": 0.8420990207983938,
            "std": 0.40058307595104087
        },
        "R2": {
            "mean": -0.21045839512030382,
            "std": 0.37186502200982235
        }
    },
    "Hi-Clustered-MT-DNN-KD": {
        "MSE": {
            "mean": 4.075233169090608,
            "std": 6.201017003210363
        },
        "MAE": {
            "mean": 1.4500897826297134,
            "std": 1.133934938452075
        },
        "R2": {
            "mean": -3.625852408828758,
            "std": 7.167703937047338
        }
    },
    "Hi-Clustered-MT-DNN": {
        "MSE": {
            "mean": 5.187653149841893,
            "std": 5.515286271510994
        },
        "MAE": {
            "mean": 1.7935768277118416,
            "std": 0.9858436903750074
        },
        "R2": {
            "mean": -5.517364018963311,
            "std": 9.073987365434947
        }
    },
    "Hi-MT-DNN-KD": {
        "MSE": {
            "mean": 9.279149807117246,
            "std": 5.639105582800723
        },
        "MAE": {
            "mean": 2.7283031730630016,
            "std": 0.9024323703033449
        },
        "R2": {
            "mean": -11.74753246877599,
            "std": 10.354773580074461
        }
    },
    "Hi-MT-DNN": {
        "MSE": {
            "mean": 13.904256644527129,
            "std": 11.944987920975343
        },
        "MAE": {
            "mean": 3.2062870926229823,
            "std": 1.598617124256508
        },
        "R2": {
            "mean": -16.584420057560262,
            "std": 20.741390072740163
        }
    },
    "Hi-DNN": {
        "MSE": {
            "mean": 3.1933273582707806,
            "std": 2.4299089538664993
        },
        "MAE": {
            "mean": 1.4097715686052263,
            "std": 0.5590662307097908
        },
        "R2": {
            "mean": -3.84040658244143,
            "std": 6.330432409645116
        }
    },
    "Hi-Bambu": {
        "MSE": {
            "mean": 1.0660636057077422,
            "std": 1.0961760160128333
        },
        "MAE": {
            "mean": 0.7154621503846244,
            "std": 0.3807885469244037
        },
        "R2": {
            "mean": -0.06813926574621872,
            "std": 0.5988410679032207
        }
    }
}