{
    "TVT-Clustered-MT-Chemprop-KD": {
        "MSE": {
            "mean": 0.5053519333097883,
            "std": 0.254337371958494
        },
        "MAE": {
            "mean": 0.5045539335005783,
            "std": 0.14164421936847432
        },
        "R2": {
            "mean": 0.41401433880727295,
            "std": 0.2630209694596409
        }
    },
    "TVT-Clustered-MT-Chemprop": {
        "MSE": {
            "mean": 0.5537786958719068,
            "std": 0.30551031925205857
        },
        "MAE": {
            "mean": 0.5295924999976459,
            "std": 0.1643507339680064
        },
        "R2": {
            "mean": 0.3762140397928522,
            "std": 0.26486883502999525
        }
    },
    "TVT-MT-Chemprop-KD": {
        "MSE": {
            "mean": 0.7496085049842607,
            "std": 0.43877227797997065
        },
        "MAE": {
            "mean": 0.6270727490888364,
            "std": 0.22327282980263277
        },
        "R2": {
            "mean": 0.2543594100637588,
            "std": 0.1735217716661183
        }
    },
    "TVT-MT-Chemprop": {
        "MSE": {
            "mean": 0.5935594122093117,
            "std": 0.3073753158046161
        },
        "MAE": {
            "mean": 0.5476455216388123,
            "std": 0.15855139786723568
        },
        "R2": {
            "mean": 0.3452068300513593,
            "std": 0.24555842790561438
        }
    },
    "TVT-ST-Chemprop": {
        "MSE": {
            "mean": 0.513811130012726,
            "std": 0.25910119976871154
        },
        "MAE": {
            "mean": 0.5114092239406673,
            "std": 0.14475733113105702
        },
        "R2": {
            "mean": 0.4084927655503712,
            "std": 0.25972976333892467
        }
    },
    "TVT-Clustered-MT-DNN-KD": {
        "MSE": {
            "mean": 1.0848294212979597,
            "std": 1.1293224500448025
        },
        "MAE": {
            "mean": 0.7067462004077517,
            "std": 0.39695558733797
        },
        "R2": {
            "mean": 0.05260658827927764,
            "std": 0.4725362725689944
        }
    },
    "TVT-Clustered-MT-DNN": {
        "MSE": {
            "mean": 1.304962280109255,
            "std": 1.7871365676355264
        },
        "MAE": {
            "mean": 0.8383715075016346,
            "std": 0.47427326548652493
        },
        "R2": {
            "mean": -1.4701945232022113,
            "std": 6.9108560330502
        }
    },
    "TVT-MT-DNN-KD": {
        "MSE": {
            "mean": 4.356837909813803,
            "std": 4.203009721371661
        },
        "MAE": {
            "mean": 1.5510189637317262,
            "std": 0.9685018842413475
        },
        "R2": {
            "mean": -2.4971069696732036,
            "std": 2.765779125583812
        }
    },
    "TVT-MT-DNN": {
        "MSE": {
            "mean": 5.281713615944634,
            "std": 8.432239054172301
        },
        "MAE": {
            "mean": 1.548195548518527,
            "std": 1.4710915937468185
        },
        "R2": {
            "mean": -3.5304583704078842,
            "std": 7.6320161572495016
        }
    },
    "TVT-DNN": {
        "MSE": {
            "mean": 0.7917035131338904,
            "std": 0.4818907552835304
        },
        "MAE": {
            "mean": 0.6494034991793819,
            "std": 0.19070970196334683
        },
        "R2": {
            "mean": -0.04076591179378579,
            "std": 0.8103099120992822
        }
    },
    "TVT-Bambu": {
        "MSE": {
            "mean": 0.6275686850617426,
            "std": 0.3599470636692747
        },
        "MAE": {
            "mean": 0.5541063806043838,
            "std": 0.17658665216660746
        },
        "R2": {
            "mean": 0.3189534576397367,
            "std": 0.24823021622522934
        }
    }
}