{
    "Lo-Clustered-MT-Chemprop-KD": {
        "MSE": {
            "mean": 1.046297612139294,
            "std": 0.6457484115121619
        },
        "MAE": {
            "mean": 0.742324405928055,
            "std": 0.2811032086661212
        },
        "R2": {
            "mean": 0.052136281666554624,
            "std": 0.20391268185369937
        }
    },
    "Lo-Clustered-MT-Chemprop": {
        "MSE": {
            "mean": 1.0988036105383003,
            "std": 0.6842075842968396
        },
        "MAE": {
            "mean": 0.7590099521625032,
            "std": 0.2906399062619146
        },
        "R2": {
            "mean": 0.01692188118288588,
            "std": 0.20848018287965103
        }
    },
    "Lo-MT-Chemprop-KD": {
        "MSE": {
            "mean": 1.1133843552980958,
            "std": 0.7248497442450271
        },
        "MAE": {
            "mean": 0.7693739681012765,
            "std": 0.30579417774505396
        },
        "R2": {
            "mean": 0.016789490849230784,
            "std": 0.18996342912862493
        }
    },
    "Lo-MT-Chemprop": {
        "MSE": {
            "mean": 1.1635844856628277,
            "std": 0.7121888895947747
        },
        "MAE": {
            "mean": 0.7853425314921642,
            "std": 0.28488632908016054
        },
        "R2": {
            "mean": -0.06349091444210306,
            "std": 0.3191393859891825
        }
    },
    "Lo-ST-Chemprop": {
        "MSE": {
            "mean": 1.0771380049708885,
            "std": 0.6790128735996999
        },
        "MAE": {
            "mean": 0.7553532900390627,
            "std": 0.2911622751928358
        },
        "R2": {
            "mean": 0.03055159571388134,
            "std": 0.20849306656562588
        }
    },
    "Lo-Clustered-MT-DNN-KD": {
        "MSE": {
            "mean": 2.8407049401276616,
            "std": 4.200352825439618
        },
        "MAE": {
            "mean": 1.196171080905049,
            "std": 0.9076528011839814
        },
        "R2": {
            "mean": -3.101375533830065,
            "std": 8.674846883391856
        }
    },
    "Lo-Clustered-MT-DNN": {
        "MSE": {
            "mean": 2.6263854950518364,
            "std": 1.8962995090958343
        },
        "MAE": {
            "mean": 1.2594123496635738,
            "std": 0.49281851283619105
        },
        "R2": {
            "mean": -2.023007934256306,
            "std": 3.3973560148397
        }
    },
    "Lo-MT-DNN-KD": {
        "MSE": {
            "mean": 13.32809641639062,
            "std": 7.016762582000733
        },
        "MAE": {
            "mean": 3.3181466710150787,
            "std": 1.0291093244343135
        },
        "R2": {
            "mean": -15.224510646115965,
            "std": 16.99046036342922
        }
    },
    "Lo-MT-DNN": {
        "MSE": {
            "mean": 14.489140168332368,
            "std": 13.48957533346209
        },
        "MAE": {
            "mean": 3.146598818356608,
            "std": 1.8717557563460419
        },
        "R2": {
            "mean": -15.001135413940757,
            "std": 40.8535565358135
        }
    },
    "Lo-DNN": {
        "MSE": {
            "mean": 2.6256053135793063,
            "std": 1.760235920468059
        },
        "MAE": {
            "mean": 1.2555610516312934,
            "std": 0.4867352470331202
        },
        "R2": {
            "mean": -1.9380717713440945,
            "std": 2.5867902241631695
        }
    },
    "Lo-Bambu": {
        "MSE": {
            "mean": 1.1545426895435702,
            "std": 0.7405286304974674
        },
        "MAE": {
            "mean": 0.7677912544241039,
            "std": 0.3060862096019853
        },
        "R2": {
            "mean": -0.01881389512207921,
            "std": 0.22760570542405265
        }
    }
}