{
    "TVT-Split-Clustered-MT-Chemprop": {
        "MSE": {
            "mean": 0.5661038076460636,
            "std": 0.31934621797966073
        },
        "MAE": {
            "mean": 0.5358371832479945,
            "std": 0.171348252165344
        },
        "R2": {
            "mean": 0.36785363277274313,
            "std": 0.2636857351550758
        }
    },
    "TVT-Split-ST-Chemprop": {
        "MSE": {
            "mean": 0.513811130885588,
            "std": 0.25910119973133405
        },
        "MAE": {
            "mean": 0.5114092234119878,
            "std": 0.1447573314460592
        },
        "R2": {
            "mean": 0.4084927654965343,
            "std": 0.25972976279414967
        }
    },
    "TVT-Split-MT-Chemprop": {
        "MSE": {
            "mean": 0.5935594114541325,
            "std": 0.307375315908371
        },
        "MAE": {
            "mean": 0.5476455198654604,
            "std": 0.15855139559559434
        },
        "R2": {
            "mean": 0.3452068298687502,
            "std": 0.24555842739183278
        }
    },
    "TVT-Split-Bambu": {
        "MSE": {
            "mean": 0.6275686850617426,
            "std": 0.3599470636692747
        },
        "MAE": {
            "mean": 0.5541063806043838,
            "std": 0.17658665216660746
        },
        "R2": {
            "mean": 0.3189534576397367,
            "std": 0.24823021622522934
        }
    }
}