{
    "TVT-Clustered-MT-Chemprop-KD": {
        "MSE": {
            "mean": 0.5053519345299953,
            "std": 0.25433737370436355
        },
        "MAE": {
            "mean": 0.504553933609722,
            "std": 0.14164421997978274
        },
        "R2": {
            "mean": 0.4140143382387183,
            "std": 0.2630209682377627
        }
    },
    "TVT-Clustered-MT-Chemprop": {
        "MSE": {
            "mean": 0.5537786950998176,
            "std": 0.3055103177345237
        },
        "MAE": {
            "mean": 0.5295925003826353,
            "std": 0.16435073349436763
        },
        "R2": {
            "mean": 0.3762140400808188,
            "std": 0.2648688356759555
        }
    },
    "TVT-MT-Chemprop-KD": {
        "MSE": {
            "mean": 0.7496085025884467,
            "std": 0.4387722755927914
        },
        "MAE": {
            "mean": 0.6270727465511199,
            "std": 0.22327282906189475
        },
        "R2": {
            "mean": 0.25435941262923745,
            "std": 0.17352177180870146
        }
    },
    "TVT-MT-Chemprop": {
        "MSE": {
            "mean": 0.5935594114584314,
            "std": 0.30737531525421014
        },
        "MAE": {
            "mean": 0.5476455199568893,
            "std": 0.158551397128937
        },
        "R2": {
            "mean": 0.3452068308763054,
            "std": 0.24555842595831548
        }
    },
    "TVT-ST-Chemprop": {
        "MSE": {
            "mean": 0.5138111312254705,
            "std": 0.25910120094794253
        },
        "MAE": {
            "mean": 0.5114092246680335,
            "std": 0.14475733185853704
        },
        "R2": {
            "mean": 0.4084927652975328,
            "std": 0.2597297621923175
        }
    },
    "TVT-Clustered-MT-DNN-KD": {
        "MSE": {
            "mean": 1.0848294212979597,
            "std": 1.1293224500448025
        },
        "MAE": {
            "mean": 0.7067462004077517,
            "std": 0.39695558733797
        },
        "R2": {
            "mean": 0.05260658827927764,
            "std": 0.4725362725689944
        }
    },
    "TVT-Clustered-MT-DNN": {
        "MSE": {
            "mean": 1.304962280109255,
            "std": 1.7871365676355264
        },
        "MAE": {
            "mean": 0.8383715075016346,
            "std": 0.47427326548652493
        },
        "R2": {
            "mean": -1.4701945232022113,
            "std": 6.9108560330502
        }
    },
    "TVT-MT-DNN-KD": {
        "MSE": {
            "mean": 4.356837909813803,
            "std": 4.203009721371661
        },
        "MAE": {
            "mean": 1.5510189637317262,
            "std": 0.9685018842413475
        },
        "R2": {
            "mean": -2.4971069696732036,
            "std": 2.765779125583812
        }
    },
    "TVT-MT-DNN": {
        "MSE": {
            "mean": 5.281713615944634,
            "std": 8.432239054172301
        },
        "MAE": {
            "mean": 1.548195548518527,
            "std": 1.4710915937468185
        },
        "R2": {
            "mean": -3.5304583704078842,
            "std": 7.6320161572495016
        }
    },
    "TVT-DNN": {
        "MSE": {
            "mean": 0.7917035131338904,
            "std": 0.4818907552835304
        },
        "MAE": {
            "mean": 0.6494034991793819,
            "std": 0.19070970196334683
        },
        "R2": {
            "mean": -0.04076591179378579,
            "std": 0.8103099120992822
        }
    },
    "TVT-Bambu": {
        "MSE": {
            "mean": 0.6275686850617426,
            "std": 0.3599470636692747
        },
        "MAE": {
            "mean": 0.5541063806043838,
            "std": 0.17658665216660746
        },
        "R2": {
            "mean": 0.3189534576397367,
            "std": 0.24823021622522934
        }
    }
}