{
    "Hi-Clustered-MT-Chemprop": {
        "MSE": {
            "mean": 1.3413604242239436,
            "std": 1.1421505090147968
        },
        "MAE": {
            "mean": 0.8539664899686621,
            "std": 0.39629804454012757
        },
        "R2": {
            "mean": -0.3192629444483243,
            "std": 0.5965424735598078
        }
    },
    "Hi-Clustered-MT-Chemprop-KD": {
        "MSE": {
            "mean": 1.2342970947261356,
            "std": 0.9947857279991843
        },
        "MAE": {
            "mean": 0.8294916502910858,
            "std": 0.3844977292670297
        },
        "R2": {
            "mean": -0.18645288215189468,
            "std": 0.37736957825280715
        }
    },
    "Hi-ST-Chemprop": {
        "MSE": {
            "mean": 1.2791765075452743,
            "std": 1.0499926821602366
        },
        "MAE": {
            "mean": 0.8420990207917795,
            "std": 0.40058307561439976
        },
        "R2": {
            "mean": -0.2104583955685332,
            "std": 0.3718650252722516
        }
    },
    "Hi-MT-Chemprop": {
        "MSE": {
            "mean": 1.4188926330514755,
            "std": 1.2993432035166028
        },
        "MAE": {
            "mean": 0.8651254852801029,
            "std": 0.41286623687216173
        },
        "R2": {
            "mean": -0.42883429966473524,
            "std": 0.82887340217285
        }
    },
    "Hi-MT-Chemprop-KD": {
        "MSE": {
            "mean": 1.2683597233683577,
            "std": 1.0380954899925456
        },
        "MAE": {
            "mean": 0.8386079083909234,
            "std": 0.39781922553852317
        },
        "R2": {
            "mean": -0.20203985520866222,
            "std": 0.37151336340858265
        }
    },
    "Hi-Bambu": {
        "MSE": {
            "mean": 1.0660636057077422,
            "std": 1.0961760160128333
        },
        "MAE": {
            "mean": 0.7154621503846244,
            "std": 0.3807885469244037
        },
        "R2": {
            "mean": -0.06813926574621872,
            "std": 0.5988410679032207
        }
    }
}