{
    "TVT-Clustered-MT-Chemprop": {
        "MSE": {
            "mean": 0.553778693059006,
            "std": 0.30551031419355373
        },
        "MAE": {
            "mean": 0.5295924993182406,
            "std": 0.16435073353802382
        },
        "R2": {
            "mean": 0.37621404171172884,
            "std": 0.26486883577893455
        }
    },
    "TVT-Clustered-MT-Chemprop-KD": {
        "MSE": {
            "mean": 0.5053519344854519,
            "std": 0.25433737412168955
        },
        "MAE": {
            "mean": 0.5045539335923227,
            "std": 0.14164422013198502
        },
        "R2": {
            "mean": 0.41401433753101374,
            "std": 0.26302096952358456
        }
    },
    "TVT-ST-Chemprop": {
        "MSE": {
            "mean": 0.5138111295540123,
            "std": 0.259101199753119
        },
        "MAE": {
            "mean": 0.5114092228781986,
            "std": 0.14475733110879635
        },
        "R2": {
            "mean": 0.40849276621378566,
            "std": 0.2597297635255323
        }
    },
    "TVT-MT-Chemprop": {
        "MSE": {
            "mean": 0.5935594103640831,
            "std": 0.307375316534384
        },
        "MAE": {
            "mean": 0.5476455193794179,
            "std": 0.15855139606173224
        },
        "R2": {
            "mean": 0.34520683149996634,
            "std": 0.24555842818291623
        }
    },
    "TVT-Bambu": {
        "MSE": {
            "mean": 0.6275686850617426,
            "std": 0.3599470636692747
        },
        "MAE": {
            "mean": 0.5541063806043838,
            "std": 0.17658665216660746
        },
        "R2": {
            "mean": 0.3189534576397367,
            "std": 0.24823021622522934
        }
    }
}