{
    "Lo-Clustered-MT-Chemprop": {
        "MSE": {
            "mean": 1.0988036093070772,
            "std": 0.6842075797037728
        },
        "MAE": {
            "mean": 0.7590099526625075,
            "std": 0.29063990511745685
        },
        "R2": {
            "mean": 0.016921879062607274,
            "std": 0.20848017916228892
        }
    },
    "Lo-Clustered-MT-Chemprop-KD": {
        "MSE": {
            "mean": 1.0462976102316157,
            "std": 0.6457484064248458
        },
        "MAE": {
            "mean": 0.7423244052715734,
            "std": 0.2811032069794513
        },
        "R2": {
            "mean": 0.05213627838110263,
            "std": 0.2039127002273635
        }
    },
    "Lo-ST-Chemprop": {
        "MSE": {
            "mean": 1.0771380085459916,
            "std": 0.6790128749411528
        },
        "MAE": {
            "mean": 0.7553532918714261,
            "std": 0.29116227488428936
        },
        "R2": {
            "mean": 0.030551588856446404,
            "std": 0.20849308904637368
        }
    },
    "Lo-MT-Chemprop": {
        "MSE": {
            "mean": 1.1635844820061763,
            "std": 0.7121888872570236
        },
        "MAE": {
            "mean": 0.7853425316909782,
            "std": 0.28488632640623435
        },
        "R2": {
            "mean": -0.06349090939866403,
            "std": 0.31913934105778624
        }
    },
    "Lo-MT-Chemprop-KD": {
        "MSE": {
            "mean": 1.1133843582386531,
            "std": 0.7248497365089854
        },
        "MAE": {
            "mean": 0.7693739680234356,
            "std": 0.3057941735782995
        },
        "R2": {
            "mean": 0.016789483889393747,
            "std": 0.18996343270685534
        }
    },
    "Lo-Bambu": {
        "MSE": {
            "mean": 1.1545426895435702,
            "std": 0.7405286304974674
        },
        "MAE": {
            "mean": 0.7677912544241039,
            "std": 0.3060862096019853
        },
        "R2": {
            "mean": -0.01881389512207921,
            "std": 0.22760570542405265
        }
    }
}