{
    "Lo-Split-ST-Chemprop": {
        "MSE": {
            "mean": 0.41550593430879396,
            "std": 0.2342493401617103
        },
        "MAE": {
            "mean": 0.45050731959369805,
            "std": 0.1373799060837762
        },
        "R2": {
            "mean": 0.5614484683412968,
            "std": 0.21414830115534175
        }
    },
    "Lo-Split-MT-Chemprop": {
        "MSE": {
            "mean": 0.5345028697511767,
            "std": 0.31396006135816434
        },
        "MAE": {
            "mean": 0.508085007152223,
            "std": 0.16051862159247163
        },
        "R2": {
            "mean": 0.46137208184731315,
            "std": 0.2313598796394477
        }
    },
    "Lo-Split-Bambu": {
        "MSE": {
            "mean": 0.5779489697420667,
            "std": 0.36845886163984237
        },
        "MAE": {
            "mean": 0.5236602351568659,
            "std": 0.17441604138725428
        },
        "R2": {
            "mean": 0.39389806248931336,
            "std": 0.2823385720118316
        }
    }
}