{
    "MT-Chemprop": {
        "MSE": {
            "mean": 0.5935594108334846,
            "std": 0.30737531472715635
        },
        "MAE": {
            "mean": 0.5476455200194525,
            "std": 0.158551395544453
        },
        "R2": {
            "mean": 0.34520683029267185,
            "std": 0.24555842786739243
        }
    }
}